{
    "4": {
        "id": "004",
        "musicTitle": "Tear Drops",
        "jacketImage": "teardrop",
        "bpm": 190,
        "difficulty": [
            9,
            13,
            17,
            25,
            27
        ],
        "begin": {
            "start": 0,
            "end": 25.263157894736842,
            "fadeIn": 0
        },
        "mid": {
            "start": 68.210526315789474,
            "end": 95.684210526315789,
            "fadeIn": 0.631578947368421
        },
        "end": {
            "start": 113.684210526315789,
            "end": 150.336,
            "fadeIn": 0.631578947368421
        }
    },
    "7": {
        "id": "007",
        "musicTitle": "God knows...",
        "jacketImage": "godknows",
        "bpm": 150,
        "difficulty": [
            10,
            15,
            21,
            28,
            26
        ],
        "begin": {
            "start": 0,
            "end": 30.4,
            "fadeIn": 0
        },
        "mid": {
            "start": 68.8,
            "end": 97.6,
            "fadeIn": 1.2
        },
        "end": {
            "start": 68.8,
            "end": 128.088,
            "fadeIn": 1.2
        }
    },
    "20": {
        "id": "020",
        "musicTitle": "Sugar Song & Bitter Step",
        "jacketImage": "sugarsong",
        "bpm": 132,
        "difficulty": [
            9,
            14,
            19,
            28,
            25
        ],
        "begin": {
            "start": 0,
            "end": 27.272727272727273,
            "fadeIn": 0
        },
        "mid": {
            "start": 56.363636363636364,
            "end": 92.727272727272727,
            "fadeIn": 0.909090909090909
        },
        "end": {
            "start": 70.909090909090909,
            "end": 110.976,
            "fadeIn": 0.909090909090909
        }
    },
    "30": {
        "id": "030",
        "musicTitle": "Re:birth Day",
        "jacketImage": "re_birthday",
        "bpm": 170,
        "difficulty": [
            7,
            11,
            19,
            28
        ],
        "begin": {
            "start": 0,
            "end": 25.411764705882353,
            "fadeIn": 0
        },
        "mid": {
            "start": 62.117647058823529,
            "end": 104.470588235294118,
            "fadeIn": 1.058823529411765
        },
        "end": {
            "start": 84.705882352941176,
            "end": 124.296,
            "fadeIn": 0.705882352941176
        }
    },
    "65": {
        "id": "065",
        "musicTitle": "Hey-day Capriccio",
        "jacketImage": "065_hey_day",
        "bpm": 158,
        "difficulty": [
            10,
            15,
            20,
            28,
            26
        ],
        "begin": {
            "start": 0,
            "end": 22.784810126582278,
            "fadeIn": 0
        },
        "mid": {
            "start": 51.645569620253165,
            "end": 77.468354430379747,
            "fadeIn": 0.379746835443038
        },
        "end": {
            "start": 77.468354430379747,
            "end": 110.952,
            "fadeIn": 0.379746835443038
        }
    },
    "66": {
        "id": "066",
        "musicTitle": "Asu no Yozora Shoukaihan",
        "jacketImage": "066_asuno_yozora",
        "bpm": 185,
        "difficulty": [
            10,
            15,
            19,
            26,
            27
        ],
        "begin": {
            "start": 0,
            "end": 36.162162162162162,
            "fadeIn": 0
        },
        "mid": {
            "start": 36.162162162162162,
            "end": 58.054054054054054,
            "fadeIn": 0.486486486486486
        },
        "end": {
            "start": 36.162162162162162,
            "end": 95.424,
            "fadeIn": 0.486486486486486
        }
    },
    "125": {
        "id": "125",
        "musicTitle": "Unite! From A To Z",
        "jacketImage": "125_tenka_touitsu",
        "bpm": 153,
        "difficulty": [
            8,
            13,
            20,
            26,
            25
        ],
        "begin": {
            "start": 0,
            "end": 34.509803921568627,
            "fadeIn": 0
        },
        "mid": {
            "start": 43.92156862745098,
            "end": 76.862745098039215,
            "fadeIn": 0.392156862745098
        },
        "end": {
            "start": 50.196078431372549,
            "end": 91.056,
            "fadeIn": 0.784313725490196
        }
    },
    "128": {
        "id": "128",
        "musicTitle": "Roku Chounen To Ichiya Monogatari",
        "jacketImage": "128_ichiyamonogatari",
        "bpm": 186,
        "difficulty": [
            8,
            14,
            21,
            29,
            29
        ],
        "begin": {
            "start": 0,
            "end": 27.020872865275142,
            "fadeIn": 0
        },
        "mid": {
            "start": 52.827324478178368,
            "end": 78.633776091081594,
            "fadeIn": 0.645161290322581
        },
        "end": {
            "start": 57.988614800759013,
            "end": 103.872,
            "fadeIn": 0.645161290322581
        }
    },
    "148": {
        "id": "148",
        "musicTitle": "Zettai Sengen ~Recital~",
        "jacketImage": "148_zettaisengen",
        "bpm": 177,
        "difficulty": [
            10,
            14,
            20,
            27
        ],
        "begin": {
            "start": 0,
            "end": 24.406779661016949,
            "fadeIn": 0
        },
        "mid": {
            "start": 63.728813559322034,
            "end": 90.847457627118644,
            "fadeIn": 0.677966101694915
        },
        "end": {
            "start": 63.728813559322034,
            "end": 109.224,
            "fadeIn": 0.677966101694915
        }
    },
    "166": {
        "id": "166",
        "musicTitle": "Maware! Setsugetsuka",
        "jacketImage": "166_maware_setsugekka",
        "bpm": 160,
        "difficulty": [
            10,
            15,
            21,
            27
        ],
        "begin": {
            "start": 0,
            "end": 36,
            "fadeIn": 0
        },
        "mid": {
            "start": 55.5,
            "end": 85.5,
            "fadeIn": 0.375
        },
        "end": {
            "start": 55.5,
            "end": 99.072,
            "fadeIn": 0.375
        }
    },
    "175": {
        "id": "175",
        "musicTitle": "Ringing Bloom",
        "jacketImage": "175_ringingbloom",
        "bpm": 195,
        "difficulty": [
            12,
            16,
            23,
            28
        ],
        "begin": {
            "start": 0,
            "end": 30.769230769230769,
            "fadeIn": 0
        },
        "mid": {
            "start": 60.307692307692308,
            "end": 89.538461538461538,
            "fadeIn": 0.615384615384615
        },
        "end": {
            "start": 69.846153846153846,
            "end": 121.296,
            "fadeIn": 0.615384615384615
        }
    },
    "227": {
        "id": "227",
        "musicTitle": "Paradisus-Paradoxum",
        "jacketImage": "227_paradisus",
        "bpm": 201,
        "difficulty": [
            11,
            15,
            20,
            28
        ],
        "begin": {
            "start": 0,
            "end": 31.044776119402985,
            "fadeIn": 0
        },
        "mid": {
            "start": 62.08955223880597,
            "end": 85.970149253731343,
            "fadeIn": 0.597014925373134
        },
        "end": {
            "start": 62.08955223880597,
            "end": 94.392,
            "fadeIn": 0.597014925373134
        }
    },
    "233": {
        "id": "233",
        "musicTitle": "Amanojaku",
        "jacketImage": "233_amanojyaku",
        "bpm": 200,
        "difficulty": [
            11,
            15,
            21,
            28
        ],
        "begin": {
            "start": 0,
            "end": 40.8,